id,first_name,last_name,Nationality,gender,ip_address
1,Stuart,Streeter,Philippines,Male,20.171.221.218
2,Julie,Ciccetti,China,Female,225.19.232.61
3,Nils,Widmore,Russia,Male,8.2.197.210
4,Mercie,Demetr,Peru,Female,173.216.47.130
5,Lacy,Antecki,China,Female,220.224.202.80
6,Giacopo,Perott,France,Male,59.187.56.207
7,Jori,Treadgold,Argentina,Female,250.161.180.59
8,Sanson,D'Emanuele,China,Male,195.22.234.181
9,Burton,Harker,Russia,Male,199.196.125.148
10,Marianne,McNirlan,Burkina Faso,Female,144.3.18.44
11,Brynna,Gwilliam,Nepal,Female,57.205.129.141
12,Giustino,Orlton,Canada,Male,203.13.172.247
13,Edythe,Simcox,New Zealand,Female,204.86.12.191
14,Bryana,Barfitt,Madagascar,Female,147.242.165.54
15,Lana,Barenski,Canada,Female,244.197.42.157
16,Lesly,Wooller,Indonesia,Female,48.179.94.188
17,Fern,McKeighan,United States,Female,19.130.35.128
18,Euphemia,Dufour,China,Female,209.181.88.189
19,Thaine,Dowse,Brazil,Male,219.166.82.242
20,Lief,Timperley,China,Male,231.213.157.175
21,Sunny,Bromehed,Poland,Male,129.198.152.43
22,Alan,Matteotti,Indonesia,Male,226.229.95.34
23,Bowie,Edgars,Croatia,Male,154.70.167.234
24,Franzen,Scogings,Brazil,Male,239.180.23.96
25,Lloyd,Genty,France,Male,213.161.108.245
26,Sarena,Brose,China,Female,0.206.57.239
27,Fanechka,Tidmas,Indonesia,Female,87.216.193.183
28,Viv,McArthur,Portugal,Female,135.40.245.105
29,Alfredo,Dumbrill,China,Male,173.20.232.208
30,Laural,Gallamore,China,Female,121.208.217.236
31,Ardeen,Fishby,Poland,Female,155.32.238.8
32,Marcus,Greenhaugh,Brazil,Male,18.168.188.186
33,Thedric,Petch,China,Male,106.10.213.124
34,Kendre,Wharmby,Portugal,Female,223.7.25.46
35,Elsworth,Speirs,France,Male,170.25.189.82
36,Gretel,Aldous,Ukraine,Female,190.200.163.6
37,Nerte,Godleman,Ukraine,Female,251.107.44.241
38,Guthry,Everley,China,Male,27.185.47.126
39,Ahmed,Gurley,China,Male,70.203.196.125
40,Jacob,Veart,United States,Male,31.191.95.189
41,Dodi,Landrean,Peru,Female,253.80.52.170
42,Aldric,Portail,Iran,Male,243.129.121.53
43,Kermie,Liell,Indonesia,Male,89.225.213.229
44,Kimmy,Riglesford,France,Female,182.64.27.160
45,Pail,Goodlet,Honduras,Male,196.5.188.169
46,Bogart,Coltman,Finland,Male,59.20.46.240
47,Aleta,Corneck,Greece,Female,83.234.38.129
48,Carny,Fletham,South Africa,Male,20.136.4.227
49,Kippar,Loseke,Denmark,Male,90.14.49.241
50,Carley,Prati,Canada,Female,93.244.2.105
51,Emalia,Spraggs,Chile,Female,31.15.238.90
52,Delcine,Kier,Russia,Female,107.93.104.128
53,Susanetta,Greensitt,Philippines,Female,213.255.45.103
54,Carlita,Ibarra,Macedonia,Female,18.219.10.145
55,Borg,Birbeck,Mexico,Male,125.168.136.221
56,Aurelea,Imos,China,Female,31.3.219.194
57,Meris,Armitt,China,Female,82.221.196.18
58,Kriste,Dewhurst,Greece,Female,14.227.175.32
59,Read,Ducroe,Indonesia,Male,208.237.24.44
60,Neall,Sacco,China,Male,88.79.214.84
61,Demetra,Tyzack,United States,Female,2.162.183.29
62,Eugenie,Altimas,Poland,Female,51.49.195.162
63,Zenia,Spancock,Portugal,Female,66.159.145.107
64,Guenna,Shackelton,Indonesia,Female,101.105.87.156
65,Ad,O' Connell,Brazil,Male,117.213.249.202
66,Elladine,Matevushev,Greece,Female,178.203.173.188
67,Janine,Matyas,Indonesia,Female,36.81.214.232
68,Camellia,Milbank,Canada,Female,147.219.94.170
69,Marlyn,Rodrig,Philippines,Female,24.43.118.73
70,Rory,Corpe,China,Male,63.170.212.225
71,Nappie,Fillimore,Chile,Male,133.11.43.184
72,Murdock,Ferentz,American Samoa,Male,109.201.86.223
73,Thatcher,MacCarroll,United States,Male,51.55.235.49
74,Franny,Barends,Russia,Male,104.41.35.249
75,Sibbie,Posnette,Nigeria,Female,28.105.145.80
76,Cecilius,Derrington,Peru,Male,47.25.18.196
77,Allayne,Greetham,Ukraine,Male,139.128.108.95
78,Valdemar,Hodgins,Czech Republic,Male,183.188.155.148
79,Jory,Maevela,Oman,Male,230.56.124.29
80,Holt,Hogbin,Serbia,Male,243.135.225.226
81,Nathanil,Linstead,Brazil,Male,60.81.30.30
82,Cale,Hummerston,Russia,Male,194.27.37.145
83,Renato,Bothwell,Armenia,Male,67.232.123.81
84,Pernell,Cawston,Indonesia,Male,16.137.108.134
85,Murvyn,Smitten,Japan,Male,176.21.247.99
86,Gigi,Aylward,Indonesia,Female,211.64.73.131
87,Antons,MacNeely,Brazil,Male,74.235.122.196
88,Aloisia,Batistelli,Argentina,Female,32.95.58.80
89,Cathi,Shorto,Czech Republic,Female,72.58.188.225
90,Sigmund,Blune,China,Male,86.163.71.9
91,Anjanette,Deveril,Indonesia,Female,5.150.75.135
92,Benjamen,Cheeney,Syria,Male,183.95.141.129
93,Marianna,Mussalli,Japan,Female,220.102.28.19
94,Elianora,Macias,China,Female,122.231.133.3
95,Aidan,Bundock,China,Female,229.69.121.114
96,Marget,Pardoe,Botswana,Female,172.203.161.106
97,Christy,Stansbie,Cape Verde,Male,122.8.218.85
98,Deny,Gauntlett,Nigeria,Female,131.145.227.195
99,Cordi,Calverd,China,Female,111.149.118.99
100,Ettore,Leetham,Pakistan,Male,213.82.155.155
101,Mariquilla,Goodday,Azerbaijan,Female,142.201.95.189
102,Alastair,Casero,Thailand,Male,164.194.171.27
103,Lisle,Stroder,China,Male,172.16.188.249
104,Karena,Brixey,Sweden,Female,38.14.50.44
105,Kingsly,Backson,Syria,Male,171.33.232.192
106,Eli,Boyall,Ireland,Male,78.82.11.149
107,Leland,De Lorenzo,Malaysia,Female,253.95.202.0
108,Avril,Goymer,Norway,Female,161.120.32.115
109,Blakeley,Keith,Brazil,Female,57.94.84.122
110,Corry,McGeever,Indonesia,Female,246.249.150.252
111,Jacinda,Andrys,China,Female,92.235.72.254
112,Jeanelle,Caveau,Indonesia,Female,15.15.110.180
113,Olin,Larenson,Jamaica,Male,131.198.49.80
114,Bride,Delve,Venezuela,Female,119.118.236.44
115,Harrie,Christofe,Dominican Republic,Female,84.33.116.204
116,Leanna,Sussems,China,Female,122.92.219.38
117,Earle,Lindsey,Portugal,Male,157.180.73.123
118,Augustus,Abell,Chile,Male,152.132.195.28
119,Cory,Jaggar,Ukraine,Male,243.68.23.15
120,Alix,Orchart,Mexico,Male,22.0.218.114
121,Maurise,Duffy,Vietnam,Female,57.135.55.183
122,Janaye,Sawyer,Sweden,Female,148.27.83.133
123,Melisent,Grayling,Peru,Female,206.84.84.42
124,Clarke,Thundercliffe,Poland,Male,222.57.131.75
125,Sonni,Woods,Indonesia,Female,228.5.170.76
126,Elonore,Tibols,Croatia,Female,119.44.186.173
127,Aubrey,Rainsden,China,Male,81.201.105.87
128,Carmine,Rubke,Czech Republic,Male,105.70.183.53
129,Berny,Tickel,Finland,Male,65.63.227.20
130,Tamarra,Quiddington,Benin,Female,174.245.247.163
131,Rancell,Brackenbury,Croatia,Male,79.203.19.75
132,Anissa,Gerhold,Philippines,Female,90.106.201.44
133,Hettie,Belfit,United Kingdom,Female,202.183.85.149
134,Sauncho,Caitlin,France,Male,217.130.73.45
135,Germain,Jeal,Afghanistan,Female,75.27.173.194
136,Carmine,Blackbourn,Kosovo,Female,15.18.122.176
137,Debby,Farnin,China,Female,147.158.220.199
138,Claudine,Banister,Albania,Female,216.62.162.29
139,Cheslie,Casterton,Canada,Female,200.247.38.221
140,Eyde,Larcier,Finland,Female,123.123.173.0
141,Brenna,Francesconi,Tanzania,Female,254.141.238.242
142,Baxter,Franseco,Iran,Male,76.8.153.192
143,Sterne,Sprowson,Indonesia,Male,34.105.58.193
144,Hobey,Critchley,France,Male,169.48.179.131
145,Jolene,Gillion,China,Female,154.199.46.22
146,Francesco,Ziemke,Philippines,Male,25.160.101.190
147,Ernest,Hassin,Thailand,Male,69.155.113.188
148,Christiano,Drewes,Portugal,Male,159.54.221.10
149,Truman,Bax,Armenia,Male,85.20.66.194
150,Mariel,Sier,Portugal,Female,136.128.211.169
151,Celestyna,Sibson,Bolivia,Female,144.157.168.111
152,Juliana,Bernat,China,Female,152.35.42.110
153,Charlotta,Nickoll,Armenia,Female,64.177.48.206
154,Melesa,McCowen,Portugal,Female,64.186.135.51
155,Ruthie,enzley,China,Female,134.213.50.193
156,Nannie,Chinnick,Greece,Female,148.155.77.172
157,Silvan,Rivitt,Indonesia,Male,157.172.72.186
158,Tades,Pixton,France,Male,28.31.116.209
159,Jeddy,Hubball,Greece,Male,64.106.148.187
160,Constancia,Rannie,Slovenia,Female,155.203.141.62
161,Rochette,Dalinder,Venezuela,Female,112.183.231.0
162,Gratiana,Blount,Russia,Female,189.175.66.194
163,Celestia,Rosekilly,Russia,Female,145.126.189.207
164,Fidelio,Milsted,Denmark,Male,108.106.18.186
165,La verne,Furze,Indonesia,Female,20.75.107.25
166,Mimi,O'Donnelly,Chad,Female,132.144.2.125
167,Carolyn,Lowensohn,United States,Female,222.164.35.195
168,Lukas,World,Canada,Male,240.99.79.2
169,Lynn,Critoph,Serbia,Female,180.146.104.124
170,Killy,Furmenger,Indonesia,Male,248.15.120.32
171,Imojean,Cuffe,Japan,Female,251.191.142.170
172,Latrina,Benezeit,China,Female,68.38.65.88
173,L;urette,Leadstone,China,Female,82.169.255.159
174,Julee,Tomanek,France,Female,188.54.221.172
175,Sabine,Linney,France,Female,66.91.17.237
176,Candy,Harkins,Sweden,Female,234.55.93.133
177,Vern,Muncey,Brazil,Male,205.7.29.145
178,Lacy,Barneveld,Russia,Female,38.248.167.20
179,Yalonda,Aucoate,Nigeria,Female,229.133.17.86
180,Franklyn,Birrel,Japan,Male,50.2.253.103
181,Bennie,Langsdon,Russia,Male,191.146.64.54
182,Bartlet,Macy,Russia,Male,74.59.206.113
183,Auberon,Sebyer,Russia,Male,161.39.87.77
184,Dallon,Spondley,Argentina,Male,50.212.221.31
185,Arvy,Guilder,Poland,Male,85.138.48.209
186,Germana,MacGovern,United States,Female,3.172.95.18
187,Dukie,Gellert,China,Male,70.214.24.35
188,Elvina,Aleksidze,Indonesia,Female,145.79.187.161
189,Evangelia,Awton,China,Female,251.201.125.242
190,Maddy,Strange,China,Male,101.236.95.162
191,Othilie,Sammonds,Belarus,Female,135.9.40.75
192,Adlai,Tie,France,Male,175.65.197.59
193,Chelsie,Joannet,Russia,Female,67.98.45.87
194,Bobina,Instrell,China,Female,46.199.6.94
195,Brenden,Degoe,Philippines,Male,72.106.105.210
196,Gilligan,Buttrick,Portugal,Female,235.134.119.53
197,Ailey,Redmille,Malaysia,Female,215.243.252.179
198,Brent,Girardez,China,Male,205.218.167.47
199,Hyacinthie,MacPaik,Finland,Female,207.242.133.229
200,Clementius,Digweed,Greece,Male,165.136.230.49
201,Rita,Coweuppe,Netherlands,Female,81.121.207.12
202,Constantine,Locks,China,Female,185.25.30.32
203,Gar,Padbery,Iran,Male,206.95.208.222
204,Grannie,Upchurch,China,Male,120.119.195.127
205,Aubrey,Greenhill,United States,Female,97.135.132.200
206,Ebeneser,Harner,Poland,Male,213.166.72.149
207,Giordano,Hookes,France,Male,93.28.43.242
208,Allister,Camolli,Indonesia,Male,142.7.225.175
209,Kelby,Creavan,Guatemala,Male,166.193.192.200
210,Tybi,Poynor,Norway,Female,108.104.129.45
211,Sheena,Bargh,Sweden,Female,239.28.119.249
212,Kelbee,Larimer,Thailand,Male,138.83.159.254
213,Henri,Scroggs,French Polynesia,Male,194.65.192.232
214,Theobald,Wem,Russia,Male,98.122.110.57
215,Mikey,de Keep,Armenia,Male,239.10.56.24
216,Den,Cantu,Haiti,Male,217.180.39.199
217,Eugenia,Sporgeon,Slovenia,Female,187.4.207.20
218,Farleigh,Bice,United States,Male,101.214.170.69
219,Lalo,Haywood,Indonesia,Male,204.234.90.239
220,Frasier,Gallaccio,Russia,Male,115.82.84.210
221,Marjy,Varley,China,Female,119.131.12.234
222,Lyon,Beeze,Philippines,Male,210.134.112.179
223,Eddi,Hartless,China,Female,110.54.156.247
224,Adelaida,Bottinelli,Afghanistan,Female,139.186.176.142
225,Cathy,Caizley,Argentina,Female,153.101.8.246
226,Phedra,Henri,Peru,Female,21.203.31.193
227,Hunt,Wheeldon,China,Male,132.136.132.227
228,Marleen,Probet,Portugal,Female,53.105.148.19
229,Marie-jeanne,Eburah,Norway,Female,168.191.65.95
230,Tamera,Goodayle,France,Female,252.194.217.80
231,Lexy,Rosenfeld,China,Female,179.113.162.6
232,Carmina,Aleksich,Morocco,Female,13.205.94.98
233,Lorrie,de Chastelain,Costa Rica,Male,188.196.77.234
234,Freddie,Sprowell,Argentina,Female,92.243.24.185
235,Lori,Deluca,Brazil,Female,172.160.208.55
236,Mart,Jakoubec,Indonesia,Male,183.76.227.50
237,Saw,Adacot,Argentina,Male,213.30.21.82
238,Norina,Bazire,Russia,Female,96.6.255.207
239,Aldric,Lefley,Indonesia,Male,241.38.140.69
240,Giffy,Barkas,Indonesia,Male,228.105.225.110
241,Saxe,Whewell,Tunisia,Male,22.10.15.197
242,Harwell,Boothby,Kenya,Male,124.21.46.24
243,Jule,Cicullo,China,Male,213.106.172.104
244,Humbert,Sopper,Greece,Male,25.216.16.120
245,Erie,Prover,Portugal,Male,17.221.228.165
246,Fannie,Maggiori,Colombia,Female,27.91.224.153
247,Elaine,Dillinger,Guatemala,Female,138.108.79.241
248,Pru,Marcq,Bosnia and Herzegovina,Female,185.132.42.225
249,Sherman,Pavey,Argentina,Male,61.20.232.93
250,Lorrie,Stephens,Oman,Female,124.83.77.225
251,Holmes,Corbin,Uruguay,Male,78.109.154.129
252,Dallon,Gustus,Philippines,Male,238.147.168.10
253,Flore,Bartholat,Indonesia,Female,7.155.100.173
254,Theodoric,Sivyour,China,Male,110.248.67.215
255,Marin,Marham,Morocco,Female,207.213.189.35
256,Marcellina,Caddock,Brazil,Female,249.73.233.151
257,Madeline,Bernhart,United States,Female,122.203.251.234
258,Antoni,Hawson,China,Male,126.239.252.162
259,Felicio,Northcott,Indonesia,Male,191.184.208.172
260,Brynna,Spurrior,United States,Female,250.30.119.89
261,Bran,Gowland,United States,Male,82.51.58.82
262,Mabelle,McGurgan,Indonesia,Female,254.119.96.98
263,Monica,Walkington,France,Female,239.124.87.10
264,Barnabas,Purser,Russia,Male,166.158.149.199
265,Joy,Sneesbie,Czech Republic,Female,7.51.178.166
266,Sonnie,Feary,China,Male,187.220.133.174
267,Oralle,Andrusov,Egypt,Female,146.239.14.243
268,Tamera,O'Fogerty,Ecuador,Female,111.165.50.13
269,Benedetta,Guerrazzi,China,Female,221.176.212.132
270,Udale,Ambroziak,Russia,Male,208.111.246.157
271,Wynny,Beauchamp,China,Female,177.37.22.53
272,Bram,Faux,Indonesia,Male,112.23.22.254
273,Anissa,Avramovic,China,Female,148.56.68.98
274,Cleon,Fawcett,Czech Republic,Male,213.99.232.98
275,Corey,Seven,Indonesia,Male,39.230.42.117
276,Nobe,Thieme,Zimbabwe,Male,215.102.47.130
277,Brandais,Brecon,Japan,Female,240.82.222.82
278,Anatole,Eustes,Bulgaria,Male,48.38.61.24
279,Lucy,Rupprecht,Russia,Female,25.227.252.248
280,Coretta,Antonijevic,Indonesia,Female,53.255.31.11
281,Edy,Hedger,Indonesia,Female,57.35.157.77
282,North,Goulston,China,Male,191.9.156.37
283,Mic,Rayne,China,Male,44.145.68.52
284,Tamas,Klaiser,China,Male,180.169.206.148
285,Kelcy,Medforth,Indonesia,Female,157.196.121.149
286,Melody,Dahlberg,Indonesia,Female,64.59.67.40
287,Aurelie,Mishow,China,Female,76.1.211.219
288,Gaelan,Growden,Thailand,Male,91.150.112.82
289,Adam,Buzin,Poland,Male,212.246.72.107
290,Siward,Gerrad,Brazil,Male,147.99.116.24
291,Micky,Laughtisse,Indonesia,Female,172.24.153.93
292,Tris,Nelius,Indonesia,Male,245.40.55.87
293,Annmarie,Colaco,Norway,Female,4.149.219.182
294,Aksel,Arch,China,Male,12.205.105.234
295,Obadias,Annies,China,Male,29.236.133.220
296,Niven,Milesop,El Salvador,Male,188.140.137.179
297,Pollyanna,Pasquale,France,Female,174.71.244.202
298,Si,Shere,Brazil,Male,121.185.1.201
299,Eva,Camocke,Philippines,Female,52.45.249.244
300,Josey,Fenge,Burundi,Female,206.241.49.200
301,Layton,Casterton,Bangladesh,Male,44.15.100.40
302,Jonathan,Yosevitz,Greece,Male,254.91.21.43
303,Grange,Lenden,Russia,Male,195.53.158.157
304,Renato,Langsbury,Philippines,Male,82.150.64.175
305,Lanna,Cran,Indonesia,Female,212.243.41.242
306,Christie,MacWhan,Niger,Female,99.133.67.56
307,Tonye,Farnworth,Indonesia,Female,94.187.198.76
308,Olenka,Till,China,Female,135.30.225.2
309,Odelle,Sawers,China,Female,231.252.107.24
310,Essa,Weare,Sweden,Female,109.108.1.122
311,Enrico,Sheepy,Japan,Male,139.229.9.215
312,Lurleen,Ferreras,Ireland,Female,203.109.101.139
313,Miof mela,Cerman,Panama,Female,74.153.149.165
314,Sonnie,Domino,Japan,Female,132.99.126.15
315,Jae,Cranson,Portugal,Male,105.58.211.233
316,Kenn,Senecaux,Thailand,Male,190.56.237.159
317,Den,Ucchino,Finland,Male,163.201.254.191
318,Barry,Grissett,Russia,Male,3.123.150.186
319,North,Byway,Russia,Male,120.133.73.72
320,Lorette,Tarquini,Thailand,Female,243.142.51.177
321,Thatcher,Bawme,Bahrain,Male,162.204.213.221
322,Orelle,Tolomelli,Indonesia,Female,168.101.13.38
323,Lorianna,Betton,Liechtenstein,Female,198.32.62.56
324,Celisse,Duligall,China,Female,181.126.45.212
325,Sax,Garlette,South Africa,Male,197.149.221.22
326,Vinni,Isitt,Egypt,Female,104.30.109.12
327,Denney,Bearcroft,Brazil,Male,70.93.172.199
328,Eleen,Pimer,Indonesia,Female,119.51.136.234
329,Blanch,Saddington,Venezuela,Female,39.63.101.94
330,William,Liquorish,South Africa,Male,38.193.17.53
331,Worth,Childerhouse,China,Male,229.108.21.79
332,Tessie,Megarry,Sweden,Female,245.42.106.111
333,Roxi,Morecombe,China,Female,158.26.203.54
334,Elsey,Brumbye,Sweden,Female,205.19.180.247
335,Wally,Rambaut,Ukraine,Female,46.34.219.240
336,Flem,Bloodworth,Philippines,Male,255.241.157.203
337,Lesly,Arnowicz,China,Female,20.31.47.88
338,Nolan,Danser,China,Male,40.193.171.108
339,Gaspard,Drakeford,Luxembourg,Male,19.236.54.58
340,Retha,Garbutt,Japan,Female,155.88.73.249
341,Rea,Rotherforth,Brazil,Female,180.168.56.241
342,Cointon,Holdron,Portugal,Male,155.151.163.43
343,Aldric,Fawssett,Egypt,Male,217.244.190.83
344,Daphene,Kingham,China,Female,45.253.240.146
345,Earle,Allsobrook,China,Male,149.240.116.74
346,Windy,Sanpher,Poland,Female,160.171.152.12
347,Allayne,Berks,Indonesia,Male,57.191.73.76
348,Dannie,Oakland,Sweden,Female,140.95.250.11
349,Alon,Binding,Lebanon,Male,83.182.118.47
350,Electra,Yitzowitz,Democratic Republic of the Congo,Female,82.49.172.73
351,Sonny,Adshad,Poland,Male,44.219.205.121
352,Olvan,Fitzmaurice,China,Male,22.218.55.39
353,Wallie,Yeliashev,France,Male,76.160.9.93
354,Shelby,Bittlestone,Portugal,Male,241.230.249.34
355,Rozelle,Habin,China,Female,164.163.103.22
356,Jobina,Culshew,Philippines,Female,74.9.8.144
357,Ophelia,Gorse,Bangladesh,Female,165.130.3.186
358,Simmonds,Simko,Indonesia,Male,219.220.177.26
359,Graehme,Rousel,Brazil,Male,157.220.15.115
360,Horst,Gammill,Morocco,Male,33.222.155.9
361,Chariot,Lockhart,China,Male,202.39.72.211
362,Leandra,Tailby,Guatemala,Female,33.142.101.176
363,Aldus,Renfrew,China,Male,122.106.11.233
364,Ronald,Shears,Poland,Male,229.110.11.188
365,Torry,Starsmeare,Ivory Coast,Male,219.38.143.179
366,Patrizius,Lyptratt,Argentina,Male,60.210.184.140
367,Zuzana,Labarre,China,Female,186.15.204.211
368,Velvet,Dachey,Indonesia,Female,255.46.203.91
369,Eadmund,Carlo,Japan,Male,139.63.181.60
370,Chrissy,McAulay,China,Female,114.2.221.28
371,Ollie,Hayter,China,Male,31.41.2.135
372,Bertrand,Christopher,Portugal,Male,224.46.231.248
373,Randa,Hayter,Indonesia,Female,245.129.162.176
374,Gonzales,Digwood,China,Male,75.183.7.79
375,Berky,Braiden,Sweden,Male,252.237.185.10
376,Garreth,Drinkel,Indonesia,Male,151.185.7.126
377,Egor,Stamper,Sweden,Male,86.129.86.228
378,Vittorio,Wadeson,Indonesia,Male,46.176.171.86
379,Sarine,Humphrey,China,Female,156.42.198.129
380,Bearnard,Leades,China,Male,28.58.115.85
381,Husain,Mazin,France,Male,50.88.249.192
382,Wolf,Ransom,Indonesia,Male,213.109.4.69
383,Tania,Danielsohn,Indonesia,Female,84.200.75.126
384,Tarra,Wolseley,China,Female,230.116.255.51
385,Leah,Grocutt,China,Female,245.245.177.119
386,Saul,Ioan,China,Male,95.38.196.241
387,Nickie,Millin,South Korea,Female,244.37.103.111
388,Yuma,Muccino,Morocco,Male,223.2.34.161
389,Tiff,Label,Poland,Female,94.140.18.99
390,Violette,Corness,United States,Female,12.84.176.185
391,Shirlee,Laverack,China,Female,28.93.80.44
392,Wilbert,Finch,China,Male,77.124.192.175
393,Cullin,Joney,Indonesia,Male,140.175.85.14
394,Bar,Viles,Namibia,Male,186.241.217.197
395,Douglas,Streatfeild,Peru,Male,95.66.150.57
396,Walther,Whines,Russia,Male,233.131.170.2
397,Chandal,Ferrea,United States,Female,34.232.242.254
398,Noam,Pifford,Poland,Male,219.241.44.229
399,Regina,Langthorne,Tanzania,Female,237.13.58.195
400,Elysia,Gainsborough,China,Female,130.170.169.54
401,Ezechiel,Runciman,Portugal,Male,232.87.119.251
402,Richart,Dallison,Russia,Male,146.172.34.38
403,Josee,Dumbar,Indonesia,Female,244.140.204.157
404,Manda,Peres,Russia,Female,111.226.90.154
405,Nollie,Spyer,China,Female,50.29.94.247
406,Jakie,Ailsbury,Poland,Male,67.134.132.89
407,Floris,Kuhnhardt,Ukraine,Female,33.229.19.7
408,Almeda,Tolchar,Nicaragua,Female,141.207.234.253
409,Beatrice,Cridlan,Philippines,Female,15.197.221.242
410,Pauletta,Compford,Philippines,Female,73.197.36.169
411,Thorpe,Fache,United States,Male,202.99.26.146
412,Anallise,Yuranovev,Canada,Female,86.139.255.197
413,Dulcinea,Lamlin,Brazil,Female,96.13.97.190
414,Brade,Barrell,Armenia,Male,67.45.127.26
415,Babbette,Rodinger,Indonesia,Female,223.199.213.244
416,Sheela,Bernardeschi,Turkmenistan,Female,77.32.168.27
417,Rachael,Vittet,Serbia,Female,48.17.209.62
418,Melinda,Kepling,Sweden,Female,17.110.245.93
419,Mersey,Croce,Sweden,Female,101.74.21.128
420,Torrin,Calf,Canada,Male,31.248.84.109
421,Sandro,McLese,Portugal,Male,226.201.72.236
422,Odey,Gors,Poland,Male,155.212.66.70
423,Christin,Hethron,Indonesia,Female,127.91.37.180
424,Davine,Crumley,Indonesia,Female,70.55.65.174
425,Brittani,Cloke,Philippines,Female,98.218.138.161
426,Murielle,Stuke,Indonesia,Female,196.86.235.239
427,Pren,Itzkov,China,Male,254.81.3.121
428,Candie,Ghidoli,Indonesia,Female,219.65.227.83
429,Geordie,Prawle,China,Male,84.255.189.216
430,Meryl,Anfrey,Sweden,Male,98.112.228.234
431,Seumas,Leaver,Peru,Male,56.208.41.20
432,Krishna,Binner,Philippines,Male,131.82.102.214
433,Monroe,Kinder,Brazil,Male,241.105.153.91
434,Shelden,Justis,Czech Republic,Male,57.172.44.121
435,Ellery,Sugden,Philippines,Male,59.219.5.214
436,Cassi,Cordero,China,Female,188.103.248.221
437,Joyan,Nellis,China,Female,72.4.106.127
438,Pate,McDermot,Indonesia,Male,148.177.22.152
439,Laurena,Lamartine,Thailand,Female,176.53.115.237
440,Brant,Pilger,Afghanistan,Male,107.11.152.54
441,Jordain,Andreaccio,China,Female,0.132.16.193
442,Rudolfo,Mahood,Argentina,Male,120.139.56.114
443,Christian,Gerald,Ukraine,Male,219.134.42.186
444,Giustina,Laycock,Ukraine,Female,96.189.133.243
445,Aridatha,Kilsby,Russia,Female,76.141.84.151
446,Velvet,Ghilardi,Kazakhstan,Female,175.241.112.205
447,Ortensia,Mongin,Greece,Female,165.172.95.66
448,Marlon,Vlahos,Cuba,Male,56.131.15.68
449,Lola,Brahm,Philippines,Female,253.72.212.228
450,Trefor,Parffrey,China,Male,48.56.35.168
451,Niven,Hazle,Russia,Male,69.208.5.198
452,Leif,Eshelby,Indonesia,Male,94.209.75.238
453,Rosemonde,Cuskery,China,Female,63.65.210.58
454,Deva,Estick,Portugal,Female,121.244.215.69
455,Eldin,Peffer,Ethiopia,Male,43.43.20.187
456,Ike,Bradnocke,Germany,Male,93.33.162.224
457,Marleah,Gentreau,Sweden,Female,136.37.255.24
458,Taffy,Cartmel,Poland,Female,68.158.108.78
459,Malvina,Smeal,China,Female,240.185.13.160
460,Vidovic,Ferriere,Indonesia,Male,110.232.216.207
461,Rodrick,Brierley,Peru,Male,13.85.173.145
462,Dannie,Romand,Ireland,Female,76.202.171.104
463,Ambrosius,Andrzejczak,Iraq,Male,246.226.228.125
464,Boniface,Hansie,Brazil,Male,212.28.168.217
465,Joe,Sydes,United States,Male,108.187.214.79
466,Bobina,Playden,China,Female,113.192.225.38
467,Lotty,Illiston,Czech Republic,Female,234.15.237.248
468,Ruthie,Whitta,Bosnia and Herzegovina,Female,13.220.40.101
469,Aridatha,Kilmister,Serbia,Female,55.211.123.205
470,Herb,Dowden,Greece,Male,125.209.212.56
471,Xever,Tooby,Philippines,Male,81.56.250.119
472,Urbanus,Kelsow,Venezuela,Male,9.235.242.5
473,Daveta,Sevier,Indonesia,Female,102.204.94.94
474,Eugenie,Bryant,Czech Republic,Female,240.239.22.81
475,Gayle,Monnelly,Iraq,Female,236.123.149.41
476,Deni,Mahon,Russia,Female,179.214.46.31
477,Linnea,Rogez,China,Female,135.102.184.152
478,Giacopo,Abate,Philippines,Male,34.72.230.147
479,Margret,Geoghegan,Afghanistan,Female,22.100.19.60
480,Leif,Harradine,Argentina,Male,97.11.79.70
481,Franky,Jorioz,Mexico,Male,226.69.39.17
482,Benedicta,Spenceley,Indonesia,Female,205.54.140.223
483,Mal,Blowne,Portugal,Male,71.108.197.55
484,Derick,Bierman,Malta,Male,43.115.73.19
485,Jojo,Collinge,China,Female,224.117.47.187
486,Lazaro,Rockey,Brazil,Male,248.199.234.44
487,Fiorenze,Barthelme,China,Female,52.39.146.18
488,Ross,Breckin,Ivory Coast,Male,241.20.212.71
489,Rosalie,Seiller,Mexico,Female,135.83.72.229
490,Roma,Airds,Russia,Male,35.138.246.146
491,Vyky,Aizkovitch,Costa Rica,Female,12.150.186.33
492,Lavena,Frie,China,Female,229.28.14.211
493,Cosmo,Bolt,China,Male,149.176.249.39
494,Rhiamon,Withinshaw,Philippines,Female,80.174.145.239
495,Woodman,Kennion,Indonesia,Male,43.235.204.53
496,Donica,Tolumello,China,Female,184.27.170.6
497,Portie,Storck,Israel,Male,58.48.16.118
498,Rosalia,Baly,Argentina,Female,211.181.142.177
499,Eleonore,Jentzsch,Philippines,Female,112.107.225.127
500,Barbara,Bilbie,Norway,Female,63.17.153.95
501,Ricky,Balls,Nigeria,Male,107.230.97.93
502,Elna,Tolefree,Indonesia,Female,162.76.81.80
503,Kelbee,Crathern,Taiwan,Male,9.195.235.234
504,Ramsey,Perocci,Colombia,Male,87.137.136.212
505,Meade,Shurmore,China,Male,46.14.172.228
506,Claire,Autie,Indonesia,Female,152.234.6.31
507,Irita,Shay,China,Female,106.10.232.14
508,Rowland,Youthead,Czech Republic,Male,105.208.39.215
509,Clerc,Largan,Djibouti,Male,62.105.58.33
510,Ravi,Godly,Ecuador,Male,149.195.38.236
511,Davy,Tolputt,Poland,Male,255.30.121.68
512,Allianora,Coffee,Ukraine,Female,102.186.24.1
513,Aggy,Andries,Philippines,Female,150.140.100.169
514,Hendrick,Sargerson,China,Male,78.233.158.210
515,Nappy,Pepler,Mexico,Male,247.1.146.10
516,Chariot,Brosnan,Poland,Male,40.6.55.184
517,Gris,Spurdens,Portugal,Male,180.96.135.147
518,Ilyse,Ouver,United States,Female,189.166.34.228
519,Morgana,Fernao,China,Female,157.97.59.217
520,Lionello,Mc Pake,Nepal,Male,123.56.84.86
521,Heall,Dovey,Bolivia,Male,21.92.29.43
522,Virgie,Ridgedell,Portugal,Female,215.74.172.238
523,Ewart,Muck,Colombia,Male,111.95.70.40
524,Dave,Ickovic,Japan,Male,181.103.103.91
525,Shelbi,Devlin,Indonesia,Female,89.95.98.7
526,Domenic,Bywater,Malaysia,Male,53.11.139.151
527,Laurella,Amberg,Russia,Female,100.113.105.173
528,Madonna,Stygall,France,Female,23.142.174.14
529,Allissa,Tullot,Indonesia,Female,234.109.139.239
530,Teriann,Zaple,Japan,Female,153.70.57.87
531,Marlo,Rosas,Slovenia,Male,109.100.188.226
532,Lainey,Kilgrove,Canada,Female,129.51.191.206
533,Elspeth,Kovacs,Russia,Female,99.179.16.119
534,Almeta,Francescozzi,El Salvador,Female,55.71.25.216
535,Tamqrah,Hefner,Aruba,Female,213.217.82.241
536,Harley,Ewell,Philippines,Male,177.241.208.226
537,Myca,Abrams,Russia,Male,5.138.217.208
538,Maire,Stonuary,Croatia,Female,82.124.186.172
539,Tammy,Warmisham,Czech Republic,Female,153.50.76.128
540,Sherwynd,MacCawley,Sint Maarten,Male,222.103.190.221
541,Guss,Hauxby,Poland,Male,203.204.168.175
542,Alexandros,Hazlegrove,China,Male,199.74.146.87
543,Pooh,Tinn,Poland,Male,134.194.65.228
544,Sonia,Haddick,Slovenia,Female,84.179.197.120
545,Kristel,Chowne,Bulgaria,Female,173.234.57.162
546,Viki,Schulter,Russia,Female,227.130.253.97
547,Seward,Crassweller,Russia,Male,217.137.226.153
548,Rosette,Staning,Portugal,Female,146.138.232.233
549,Ignacio,Burlay,France,Male,154.86.210.229
550,Elroy,Corneljes,Ethiopia,Male,19.232.246.9
551,Willyt,Moorman,Canada,Female,106.147.191.140
552,Kylynn,Mancktelow,Bahrain,Female,84.159.81.244
553,Mic,Parfrey,South Korea,Male,31.160.24.19
554,Gerrard,Vink,Indonesia,Male,195.22.138.27
555,Ringo,Skellern,Greece,Male,202.223.44.151
556,Lorinda,McArthur,France,Female,248.134.16.194
557,Jo-anne,Kleszinski,China,Female,230.255.208.29
558,Derrek,MacKnocker,Ireland,Male,125.53.53.12
559,Jeth,Vlies,Yemen,Male,216.126.168.105
560,Keene,O'Kinneally,China,Male,3.237.44.146
561,Kaleena,Bartolozzi,Liberia,Female,6.23.185.144
562,Cyndia,Girault,Nigeria,Female,151.19.40.179
563,Devi,Poate,Peru,Female,213.53.132.168
564,Austina,Taylorson,Brazil,Female,66.93.165.178
565,Ellynn,Thorsen,Spain,Female,67.194.76.217
566,Xylina,Dietz,United States,Female,182.131.218.29
567,Donalt,Goodlife,China,Male,120.31.221.107
568,Ailbert,Janik,China,Male,166.213.205.163
569,Ravid,Rouby,Indonesia,Male,95.14.245.46
570,Murray,Kornousek,Ukraine,Male,181.159.33.57
571,Maddy,Emerton,United States,Male,76.121.44.121
572,Ethe,O' Sullivan,Thailand,Male,125.112.21.232
573,Pernell,Addlestone,China,Male,65.46.15.39
574,Freemon,Brogi,Colombia,Male,99.24.98.96
575,Karrie,Vowell,China,Female,11.43.53.160
576,Angie,Tanman,Spain,Female,202.33.97.177
577,Clarinda,Hilbourne,Brazil,Female,238.202.138.201
578,Nora,Alleburton,Estonia,Female,102.65.161.18
579,Betti,Stanex,China,Female,208.63.8.54
580,Dari,Queen,Ukraine,Female,85.234.56.59
581,Wadsworth,Carnell,China,Male,95.188.224.221
582,Malynda,Bourke,United States,Female,241.43.248.249
583,Kristo,MacFaul,Guatemala,Male,220.106.174.153
584,Hollie,Tregunna,Malaysia,Female,85.215.28.119
585,Aldric,Benet,Senegal,Male,89.99.123.48
586,Cointon,Keay,Poland,Male,246.83.125.217
587,Donnell,Hirjak,China,Male,244.136.133.227
588,Madelina,Alexandersen,Japan,Female,167.181.27.242
589,Horton,Treadger,China,Male,224.220.203.228
590,Roze,Chastaing,Ukraine,Female,152.21.59.151
591,Henryetta,Suche,China,Female,1.173.49.55
592,Kristofor,Keech,Myanmar,Male,33.251.141.254
593,Devonne,Casone,Argentina,Female,189.138.231.180
594,Donovan,Wince,Indonesia,Male,209.6.29.91
595,Giulio,Rizzardini,Russia,Male,144.123.53.157
596,Terrel,Sigsworth,Ukraine,Male,96.244.128.184
597,Raina,O Sullivan,Poland,Female,15.115.162.55
598,Myrna,Melsom,Croatia,Female,245.237.249.81
599,Kipp,Darley,Peru,Male,25.37.158.103
600,Clint,Pastor,China,Male,22.87.56.6
601,Hartley,Goodey,France,Male,169.150.241.131
602,Ray,Soutter,Philippines,Male,174.216.211.86
603,Amalia,Rontree,China,Female,105.156.113.121
604,Flem,Jaggar,Colombia,Male,16.99.106.16
605,Cesare,Bowhay,North Korea,Male,13.55.2.245
606,Katrina,Abbati,Japan,Female,47.64.1.108
607,Bettye,Gergher,Indonesia,Female,124.30.106.30
608,Karylin,Stanistrete,Philippines,Female,237.134.85.108
609,Coop,Gillett,China,Male,168.237.105.63
610,Paul,Smallpeace,Paraguay,Male,109.167.198.130
611,Darrel,Hartwell,China,Male,25.48.143.26
612,Angelique,Fonzo,China,Female,40.30.150.135
613,Jorgan,Fernehough,Syria,Male,212.12.251.124
614,Ellette,Nalder,China,Female,205.201.11.254
615,Chickie,Eyton,Portugal,Female,224.251.64.235
616,Georgeanne,Delyth,Tunisia,Female,120.165.190.68
617,Marieann,O'Dowgaine,Indonesia,Female,231.238.141.129
618,Millard,Olver,Iraq,Male,91.204.254.99
619,Jacquetta,Antrum,Iran,Female,62.161.160.85
620,Denny,Croux,China,Female,74.161.80.176
621,Linea,Pering,France,Female,242.99.5.163
622,Marlie,Fincke,Sri Lanka,Female,154.45.86.47
623,Arne,Firidolfi,South Sudan,Male,198.230.247.179
624,Mackenzie,Joberne,Indonesia,Male,137.54.90.230
625,Leo,Couroy,China,Male,121.107.97.123
626,Binky,Doe,Indonesia,Male,56.184.250.129
627,Merilyn,Bruford,Zambia,Female,148.25.47.60
628,Skippie,Smyth,Nigeria,Male,201.144.212.251
629,Frederique,Le Houx,United States,Female,195.6.10.79
630,Worthington,Meredith,China,Male,131.102.169.101
631,Cristine,Bissett,Indonesia,Female,245.118.239.125
632,Bryan,More,South Africa,Male,102.136.215.84
633,Camille,D'Orsay,Kiribati,Female,105.61.64.185
634,Banky,Livingston,Argentina,Male,229.67.85.63
635,Olly,Valentelli,Indonesia,Male,211.202.10.146
636,Eddie,Doumenc,France,Female,22.77.139.7
637,Liva,Szymanek,France,Female,61.21.79.61
638,Ashleigh,Sowrey,Poland,Female,35.120.169.183
639,Chester,Longstaffe,Greece,Male,203.169.7.157
640,Ursuline,Dougan,Philippines,Female,64.177.179.117
641,Bernita,Matessian,Philippines,Female,77.159.132.144
642,Allyce,Vella,Kenya,Female,84.82.225.37
643,Delila,Goadby,China,Female,73.199.167.68
644,Osgood,Gabby,France,Male,251.31.224.27
645,Rustin,Rennix,China,Male,177.222.174.141
646,Valentia,Bettis,Iran,Female,183.80.195.212
647,Petronille,Bullene,Indonesia,Female,34.215.87.222
648,Elbert,Tyrer,Indonesia,Male,208.28.240.220
649,Bartlet,Westoff,Poland,Male,210.172.38.191
650,Ursala,Nairn,Ukraine,Female,171.57.39.194
651,Sarge,Lecount,Bosnia and Herzegovina,Male,9.149.215.5
652,Ed,Louca,Portugal,Male,26.147.145.85
653,Kristal,Goodspeed,Indonesia,Female,195.154.45.120
654,Townsend,Lucy,Poland,Male,150.28.46.125
655,Ivonne,Cord,Malaysia,Female,35.41.70.62
656,Orton,Terris,Republic of the Congo,Male,35.18.54.221
657,Joyce,Buye,Brazil,Female,58.138.158.106
658,Sampson,Marklew,China,Male,197.117.221.136
659,Alphard,Norcock,Sweden,Male,253.155.64.27
660,Tobey,Longshaw,Pakistan,Female,90.228.2.161
661,Peyton,Edgar,China,Male,186.34.147.157
662,Clay,Eddis,Oman,Male,234.244.4.247
663,Kiri,Langrish,Poland,Female,181.86.49.250
664,Perl,Flitcroft,Austria,Female,62.98.55.63
665,Ardyth,Bowdrey,New Zealand,Female,213.228.34.78
666,Troy,Gildersleeve,Philippines,Male,142.104.102.236
667,Eyde,Blount,Portugal,Female,136.172.239.170
668,Gabriell,Edmondson,Portugal,Female,241.169.72.123
669,Blondie,Beane,Peru,Female,195.189.95.60
670,Niven,Murra,Colombia,Male,5.44.76.183
671,Aguistin,Drawmer,Panama,Male,212.141.161.2
672,Loydie,Griffitt,China,Male,111.30.116.89
673,Andie,Durgan,Ecuador,Male,247.117.21.25
674,Leisha,Nortcliffe,Gambia,Female,159.86.165.22
675,Cris,Okker,China,Male,38.168.88.240
676,Sonnie,Niset,Philippines,Male,154.58.214.186
677,Otha,Topping,China,Female,5.185.121.130
678,Sayer,Renols,Chile,Male,99.8.71.191
679,Quintana,Blaydon,France,Female,251.231.195.48
680,Fionnula,Enrich,Thailand,Female,214.158.109.75
681,Ryon,Diglin,Indonesia,Male,142.2.197.182
682,Lark,Lysons,Macedonia,Female,102.204.248.147
683,Beret,Pecht,South Africa,Female,10.0.169.249
684,Elicia,Sagerson,Russia,Female,174.78.21.124
685,Ross,Stookes,China,Male,63.31.151.228
686,Joseph,Brigginshaw,Argentina,Male,213.237.145.227
687,Jonie,Duker,Serbia,Female,122.232.138.223
688,Magdalena,Saur,France,Female,236.133.135.199
689,Timmy,Bantick,Indonesia,Male,107.155.220.222
690,Julieta,Berthon,Colombia,Female,3.131.154.155
691,Lothario,Lowle,Colombia,Male,3.154.197.98
692,Callean,Challenor,Indonesia,Male,122.38.89.87
693,Eugen,Godart,Mexico,Male,0.160.14.229
694,Sutton,Stillman,Russia,Male,137.208.14.172
695,Bayard,Ledwitch,Benin,Male,209.240.202.172
696,Roxana,Kennealy,Thailand,Female,4.63.74.107
697,Riordan,Waddup,Argentina,Male,173.129.35.94
698,Baryram,Roadknight,Philippines,Male,66.234.49.204
699,Dione,Charlin,Philippines,Female,113.228.160.42
700,Trueman,Pelzer,Vietnam,Male,111.195.5.146
701,Ailsun,Scrowson,Bolivia,Female,253.144.54.109
702,Marylee,de Tocqueville,Russia,Female,150.224.75.141
703,Hall,Staddom,Saint Lucia,Male,179.160.27.138
704,Pippa,Justham,Russia,Female,253.221.91.205
705,Dedie,Abad,France,Female,104.63.192.206
706,Teresa,Slimon,Russia,Female,42.236.152.81
707,Stanislaus,Bettinson,Malaysia,Male,33.245.95.153
708,Evie,Seacombe,Japan,Female,234.100.97.35
709,Desi,Whaley,Indonesia,Male,156.215.181.96
710,Stormi,Rowbrey,Latvia,Female,240.14.253.101
711,Ilyssa,Huskisson,China,Female,137.122.143.243
712,Nichol,Crichley,Afghanistan,Female,3.191.48.71
713,Tisha,Artus,Pakistan,Female,217.17.75.102
714,Sheeree,Almack,Malaysia,Female,97.18.164.87
715,Nero,Mucci,China,Male,197.154.98.140
716,Ives,Beszant,Libya,Male,113.134.107.124
717,Wenona,Ledur,Peru,Female,241.51.40.191
718,Chad,Cribbott,Russia,Male,24.244.195.193
719,Nanci,Jordanson,Indonesia,Female,14.96.32.28
720,Halimeda,Pennini,Nigeria,Female,150.86.157.101
721,Jodie,Woakes,France,Male,114.14.16.184
722,Matt,Skypp,Philippines,Male,252.158.134.46
723,Miguel,Bugbee,Kenya,Male,18.201.158.123
724,Dot,Saffin,United States,Female,47.94.190.229
725,Bryce,Aldrick,China,Male,43.135.193.139
726,Daloris,Hedditeh,Canada,Female,44.233.231.45
727,Caralie,Nitti,Russia,Female,175.79.20.125
728,Lisa,Laidel,Brazil,Female,192.203.232.69
729,Melicent,Berardt,Vietnam,Female,79.224.147.36
730,Burg,Berndtsson,Philippines,Male,138.45.135.193
731,Smitty,MacClinton,Portugal,Male,248.170.229.201
732,Godfrey,O'Shea,Croatia,Male,5.253.210.152
733,Ethel,Penburton,Philippines,Female,21.55.143.31
734,Kristen,Fairbourne,Indonesia,Female,237.0.26.251
735,Morganne,Lamberteschi,Cuba,Female,14.192.251.227
736,Nonnah,Board,Peru,Female,104.25.153.91
737,Darius,Winear,Greece,Male,129.247.218.150
738,Cassie,Springtorpe,Colombia,Male,144.171.64.51
739,Rodolph,Essame,France,Male,2.143.159.116
740,Leta,Cansfield,Cuba,Female,110.211.188.31
741,Wildon,Glave,China,Male,166.141.83.164
742,Karol,Orritt,Poland,Female,135.151.228.68
743,Annmaria,Uphill,China,Female,128.101.93.127
744,Dore,Fuidge,Malawi,Male,240.99.228.139
745,Ludwig,Le Noire,Peru,Male,49.58.224.46
746,Ramonda,Staddon,Serbia,Female,226.213.50.9
747,Deeanne,Wildbore,Pakistan,Female,174.211.53.45
748,Yancey,Corder,Portugal,Male,198.154.126.176
749,Nicolette,Gainsford,Jordan,Female,205.117.221.27
750,Lainey,Dummett,China,Female,39.188.58.112
751,Sofie,Lilburne,Peru,Female,216.166.41.197
752,West,Kiwitz,Russia,Male,91.35.86.137
753,Bridget,Boothe,Nigeria,Female,75.119.246.93
754,Theobald,Wims,Bulgaria,Male,173.53.241.126
755,Karin,Pavlata,Indonesia,Female,55.214.225.133
756,Roch,Cockings,China,Female,43.203.135.130
757,Sunshine,Porson,South Africa,Female,85.143.46.114
758,Myrwyn,Stemson,United States,Male,235.5.95.82
759,Jarrad,Turbern,China,Male,108.254.21.42
760,Rollin,Lethlay,Thailand,Male,90.161.218.187
761,Breena,Connichie,China,Female,55.199.24.226
762,Carol,Wooder,Indonesia,Female,137.67.238.81
763,George,Nutton,Bangladesh,Female,227.157.255.39
764,Gordie,O'Curran,Cuba,Male,70.85.204.215
765,Bonnee,Coalbran,Russia,Female,244.253.247.30
766,Fanechka,Stoggles,Kazakhstan,Female,126.77.74.228
767,Gardy,Willeman,Japan,Male,63.3.90.238
768,Bordie,Bigrigg,South Africa,Male,59.184.186.242
769,Josee,Machon,Mexico,Female,109.81.41.67
770,Ilka,Goldsmith,Japan,Female,122.50.60.217
771,Frannie,Treweke,Indonesia,Male,150.199.134.147
772,Concettina,Prangley,Indonesia,Female,64.137.129.111
773,Barbaraanne,Stanfield,Indonesia,Female,206.173.158.77
774,Ceciley,Swiffen,Japan,Female,47.21.174.177
775,Roderich,Blanch,Philippines,Male,150.209.159.86
776,Lulu,Legerton,Costa Rica,Female,54.13.139.82
777,Ferdinanda,Spoor,China,Female,122.210.253.113
778,Wren,Sprott,Russia,Female,245.227.158.5
779,Tally,Marconi,China,Male,232.135.75.146
780,Ursa,Baile,Sweden,Female,188.3.33.238
781,Fallon,Luckes,Indonesia,Female,213.66.202.147
782,Dexter,Scholefield,China,Male,136.72.69.151
783,Aurore,Soda,Russia,Female,115.234.224.59
784,Maud,Newarte,Palestinian Territory,Female,107.44.26.194
785,Xenos,Probets,China,Male,223.86.71.113
786,Dewitt,Pickworth,China,Male,217.97.133.86
787,Vernen,Stratten,China,Male,223.136.53.170
788,Evan,Cordeix,Thailand,Male,205.27.243.216
789,Jude,Jillett,Portugal,Male,84.29.150.1
790,Barbe,Hick,Sweden,Female,55.176.195.27
791,Samantha,Alesio,United States,Female,174.6.200.66
792,Tuesday,Riggs,Myanmar,Female,210.218.155.200
793,Lukas,Natwick,Russia,Male,91.156.27.130
794,Benson,Friatt,Indonesia,Male,23.3.31.241
795,Casper,Kenner,Poland,Male,24.71.108.225
796,Cordie,Scarlon,Hungary,Male,105.104.141.115
797,Paulie,Spreckley,China,Female,180.152.59.203
798,Davidson,Stannah,Brazil,Male,243.38.238.168
799,Carmita,Faull,Sweden,Female,29.52.25.239
800,Gabi,Sancias,Sweden,Female,172.118.97.238
801,Guillermo,Brazener,Bolivia,Male,239.85.78.221
802,Frayda,Cod,Vietnam,Female,198.80.29.197
803,Humberto,Yerbury,China,Male,16.86.69.116
804,Jimmy,Ellis,Ukraine,Male,38.25.86.162
805,Garnet,Abells,Indonesia,Female,2.141.125.167
806,Laurena,Bohden,Poland,Female,109.111.149.217
807,Daron,Reihill,Thailand,Male,198.101.165.223
808,Warden,Chong,Poland,Male,87.87.120.242
809,Chevalier,Garton,China,Male,181.159.158.87
810,Avie,Lambell,Portugal,Female,58.19.181.214
811,Josefina,Purkins,China,Female,210.25.195.238
812,Andrus,Daysh,Czech Republic,Male,248.238.166.71
813,Brinna,Raggett,Canada,Female,220.141.20.227
814,Virgilio,McNutt,Afghanistan,Male,136.156.251.147
815,Jerad,Crocetti,Brazil,Male,136.237.96.1
816,Rozella,Baitey,Indonesia,Female,77.213.226.53
817,Tanhya,Muldoon,Indonesia,Female,67.75.158.28
818,Ade,Godfrey,Brazil,Male,252.168.84.159
819,Aubert,Peebles,Ghana,Male,158.162.56.188
820,Charyl,Paynter,China,Female,128.155.97.204
821,Niki,Doran,Philippines,Female,119.225.69.60
822,Martina,Crosseland,Greece,Female,88.206.214.9
823,Kattie,Mary,Indonesia,Female,204.194.49.114
824,Leona,Mapother,Serbia,Female,175.110.218.28
825,Ring,Blinerman,Philippines,Male,12.237.179.215
826,Thorn,Hought,Poland,Male,152.127.97.232
827,Bidget,Donnell,Mongolia,Female,216.169.61.235
828,Alphard,Highnam,Ukraine,Male,30.178.12.249
829,Harris,Ronayne,Russia,Male,67.52.245.213
830,Patrizius,Curzey,Ireland,Male,63.117.229.80
831,Gael,Pawels,China,Female,1.204.156.148
832,Arny,Bucksey,Brazil,Male,22.89.214.124
833,Petronia,Bereford,Russia,Female,227.233.37.102
834,Hazlett,Stener,Indonesia,Male,98.195.110.114
835,Marten,McKimmie,Philippines,Male,95.176.208.76
836,Nannie,Keymar,United States,Female,134.221.169.236
837,Patricia,Aiskovitch,China,Female,112.114.137.10
838,Ottilie,Paige,Russia,Female,172.243.161.12
839,Beale,Stonner,Morocco,Male,51.26.167.205
840,Francklyn,Minette,Colombia,Male,221.148.204.12
841,Rochella,Clelle,United States,Female,243.38.200.249
842,Carlota,Maccrea,China,Female,184.230.193.203
843,Aveline,Beddard,Armenia,Female,88.214.173.234
844,Grethel,Manicom,Indonesia,Female,193.159.15.171
845,Anastasia,Pleat,Poland,Female,29.248.123.13
846,Brynne,Mullenger,United States,Female,102.13.114.74
847,Sabina,Copcutt,Pakistan,Female,202.14.202.8
848,Odey,Arnaldo,Sri Lanka,Male,88.82.181.105
849,Janek,Parminter,China,Male,101.34.158.146
850,Vonni,Bayston,Russia,Female,78.169.19.92
851,Lona,Pelfer,China,Female,177.210.194.249
852,Raquela,Philipeaux,Ukraine,Female,102.114.206.63
853,Starla,MacElane,Serbia,Female,119.231.143.41
854,Emery,Cosbey,Germany,Male,25.43.143.154
855,Ole,Bernardelli,Poland,Male,168.141.134.232
856,Albertina,Beningfield,Argentina,Female,43.189.210.67
857,Valentine,Pude,Brazil,Male,36.31.8.67
858,Tobye,Fache,Japan,Female,170.142.234.213
859,Fransisco,Toplis,Indonesia,Male,253.212.196.248
860,Ashleigh,Girone,Pakistan,Female,196.113.95.243
861,Rhianon,Serck,Nepal,Female,97.77.228.103
862,Phillie,Armstead,China,Female,211.166.164.174
863,Else,Wogan,Ukraine,Female,184.46.53.18
864,Rriocard,Kamen,Poland,Male,83.3.15.198
865,Jemmie,Trevarthen,China,Female,58.66.11.6
866,Reggi,Maynard,Egypt,Female,160.109.68.35
867,Alexa,Dryburgh,Denmark,Female,22.86.93.162
868,Silvanus,Grishankov,Philippines,Male,247.248.90.92
869,Neill,Bankhurst,China,Male,22.201.40.40
870,Kingsly,Lazenbury,China,Male,46.139.158.127
871,Trumaine,McAmish,Luxembourg,Male,37.59.122.128
872,Dominica,Pering,United States,Female,156.81.189.145
873,Ray,O'Bradden,China,Male,156.24.144.25
874,Melodie,Rushbrooke,Colombia,Female,146.197.82.140
875,Renelle,Burger,Belize,Female,169.117.67.181
876,Kiley,De Carteret,China,Male,24.93.80.32
877,Dreddy,Brenneke,Brazil,Female,208.156.151.251
878,Jethro,Flury,United States,Male,129.232.34.254
879,Hughie,Giraudot,Syria,Male,77.232.136.9
880,Jorey,Pencott,China,Female,146.58.112.234
881,Deane,Cowpland,Brazil,Female,226.251.215.235
882,Clarita,Cankett,China,Female,164.72.148.80
883,Peyton,Klimentyonok,Jamaica,Male,79.2.208.237
884,Evvie,Rosnau,Slovenia,Female,197.130.242.121
885,Carley,Duell,Philippines,Female,190.210.187.246
886,Zolly,Bartolozzi,Philippines,Male,109.23.221.52
887,Cary,Dutson,China,Female,93.33.147.51
888,Claudelle,Cropp,Albania,Female,167.13.250.102
889,Clementia,Szubert,Colombia,Female,50.11.144.122
890,Piotr,Catteroll,Indonesia,Male,163.111.46.156
891,Nicol,McFade,Indonesia,Male,249.254.77.32
892,Oneida,Fendlow,China,Female,112.137.80.225
893,Marj,Webberley,Peru,Female,176.235.1.3
894,Berny,Hoggan,Indonesia,Female,191.64.255.36
895,Robena,Dy,Poland,Female,195.15.237.66
896,Florinda,Girogetti,Nigeria,Female,4.43.73.117
897,Brit,Blenkhorn,Philippines,Male,44.232.251.29
898,Timothea,Lantiff,United States,Female,33.125.194.98
899,Idell,Lidyard,Georgia,Female,32.154.169.238
900,Lotte,Selesnick,Peru,Female,64.177.35.52
901,Enriqueta,Vannar,Honduras,Female,174.228.226.71
902,Shana,Malloch,Azerbaijan,Female,35.173.45.45
903,Olenka,Creagh,China,Female,16.151.117.240
904,Callie,Dunkinson,Russia,Female,195.91.121.108
905,Pammie,Gamell,China,Female,84.81.80.44
906,Adele,Janouch,Democratic Republic of the Congo,Female,160.247.81.206
907,Lucais,Anmore,Norway,Male,101.175.153.31
908,Anjanette,Piatkowski,Indonesia,Female,154.181.183.17
909,Tades,O' Timony,Indonesia,Male,36.199.164.180
910,Cami,Matresse,France,Female,219.120.162.85
911,Quent,Manass,China,Male,78.99.101.24
912,Kalli,Barton,China,Female,60.6.111.228
913,Tuckie,Altoft,Lithuania,Male,64.205.191.190
914,Sherlocke,Blatherwick,Chile,Male,69.65.26.127
915,Ivette,Barnewelle,Poland,Female,46.157.15.9
916,Dona,Roy,Portugal,Female,128.159.245.200
917,Jerrie,Tarbert,Croatia,Female,192.83.94.96
918,Reider,Kirckman,Poland,Male,81.220.100.255
919,Tripp,Attle,China,Male,102.158.242.26
920,Gennifer,Meert,Ukraine,Female,165.42.137.2
921,Lisbeth,Kinchley,Argentina,Female,50.250.57.88
922,Talya,Baythrop,Mongolia,Female,29.6.155.152
923,Lothario,Sperry,Pakistan,Male,251.224.64.82
924,Sharleen,Le Cornu,Brazil,Female,129.189.24.95
925,Godwin,Killelay,Philippines,Male,7.44.104.30
926,Millicent,Chaloner,United States,Female,165.168.232.136
927,Zechariah,Leddie,Russia,Male,244.207.5.156
928,Moyna,Brokenshire,Indonesia,Female,155.163.137.221
929,Merry,Burchard,Sweden,Male,186.127.177.249
930,Beulah,Jouhandeau,Brazil,Female,41.240.94.154
931,Hiram,Swyn,Sri Lanka,Male,83.136.117.47
932,Heidi,Charpling,Sweden,Female,225.240.130.253
933,Brittne,Hatwells,Canada,Female,224.193.59.130
934,Rodge,Nequest,Japan,Male,53.164.216.209
935,Mathilde,Philippou,Poland,Female,210.41.106.91
936,Fitzgerald,Pryke,China,Male,129.192.107.52
937,Jamie,Klawi,Indonesia,Female,210.2.91.110
938,August,Marjanovic,Greece,Male,125.178.121.228
939,Rae,O'Connor,Russia,Female,60.166.136.181
940,Laryssa,Gebb,Poland,Female,231.121.211.122
941,Vick,Daines,China,Male,106.137.110.159
942,Florinda,Alford,Poland,Female,5.18.91.145
943,Berrie,Dalyell,China,Female,117.156.145.237
944,Granny,Lincey,Portugal,Male,209.56.28.204
945,Elaine,Speight,Iran,Female,4.152.178.88
946,Freddy,Keaveny,United Kingdom,Female,143.85.229.38
947,Melisenda,Danilovitch,Russia,Female,250.213.242.166
948,Quillan,Eefting,Uruguay,Male,89.17.39.201
949,Darryl,Creyke,Paraguay,Male,183.93.216.118
950,Charline,Beaston,Saint Kitts and Nevis,Female,153.120.238.28
951,Pooh,Ingamells,Honduras,Male,179.167.37.157
952,Brook,Lamputt,Philippines,Male,190.97.106.229
953,Trefor,Dellow,China,Male,90.115.227.23
954,Charyl,Renyard,Philippines,Female,80.72.239.241
955,Neille,Drissell,Sweden,Female,186.126.171.176
956,Marney,Chatburn,Iraq,Female,66.224.132.22
957,Florella,Loddy,Macedonia,Female,88.102.3.19
958,Kenny,Simony,Russia,Male,250.195.183.135
959,Pandora,Van der Kruys,Russia,Female,236.237.250.71
960,Gal,Dilks,Mongolia,Male,166.64.70.184
961,Niko,Dallender,Japan,Male,161.148.97.186
962,Adriena,Tewkesberry,Portugal,Female,230.106.157.196
963,Zack,Ciciura,China,Male,83.228.224.158
964,Tobit,Andrusov,Russia,Male,2.241.31.170
965,Ole,Wilshire,Armenia,Male,19.124.114.250
966,Rickie,Branno,Portugal,Male,95.91.224.239
967,Rea,Keuntje,France,Female,34.111.73.198
968,Torr,Jozsika,China,Male,52.102.17.151
969,Gerrie,Scafe,Ukraine,Female,77.6.235.50
970,Alford,Covington,China,Male,60.114.60.218
971,Leia,Craske,Argentina,Female,141.111.145.47
972,Cece,McComb,China,Male,27.157.152.44
973,Ryley,Bosward,China,Male,80.21.7.158
974,Alberto,MacCosto,North Korea,Male,42.160.218.243
975,Lise,Deesly,Tanzania,Female,230.57.128.3
976,Gill,Emmanuel,Liechtenstein,Male,28.152.221.47
977,Atlante,Navein,Mali,Female,142.251.22.169
978,Del,Flippelli,Nigeria,Female,210.168.80.191
979,Dylan,Foxen,China,Male,205.123.157.156
980,Alicia,Molden,China,Female,110.246.54.45
981,Pamela,Lyddon,Indonesia,Female,248.61.68.88
982,Willie,Esby,France,Male,135.50.157.47
983,Eunice,Blackborne,Seychelles,Female,223.94.240.55
984,Leeanne,McTrustey,Russia,Female,99.105.69.183
985,Stephanie,Skayman,Russia,Female,152.6.64.165
986,Jojo,Burdikin,China,Female,236.99.131.72
987,Kellsie,Burrel,Russia,Female,180.119.229.127
988,Eleonora,Sellek,Marshall Islands,Female,237.236.49.143
989,Asher,Spragge,Afghanistan,Male,35.20.63.195
990,Lalo,Pett,China,Male,116.198.67.85
991,Iago,Pirt,China,Male,15.77.69.120
992,Jamima,Marousek,Indonesia,Female,73.23.3.196
993,Ana,Cypler,China,Female,68.110.154.101
994,Jermayne,Goundsy,Sweden,Male,204.76.255.189
995,Jennette,Mack,Indonesia,Female,199.205.11.229
996,Em,Bonin,China,Female,234.1.255.79
997,Clarinda,Gotcliff,Poland,Female,158.77.97.2
998,Putnam,Deeming,France,Male,34.34.132.138
999,Kay,Allmond,Portugal,Female,234.186.43.186
1000,Antoni,Boodell,Sierra Leone,Male,156.221.6.162
